<?xml version="1.0" encoding="UTF-8"?>
<!DOCTYPE mapper
    PUBLIC "-//mybatis.org//DTD Mapper 3.0//EN"
    "http://mybatis.org/dtd/mybatis-3-mapper.dtd">
<mapper namespace="com.kaiming.o2osb.dao.ProductSellDailyDao">
	<resultMap id="productSellDailyResultMap" type="com.kaiming.o2osb.entity.ProductSellDaily">
		<id column="product_sell_daily_id" property="productSellDailyId" />
		<result column="create_time" property="createTime" />
		<result column="total" property="total" />
		<association property="product" column="product_id"
			javaType="com.kaiming.o2osb.entity.Product">
			<id column="product_id" property="productId" />
			<result column="product_name" property="productName" />
		</association>
		<association property="shop" column="shop_id"
			javaType="com.kaiming.o2osb.entity.Shop">
			<id column="shop_id" property="shopId" />
			<result column="shop_name" property="shopName" />
		</association>
	</resultMap>
	<select id="queryProductSellDailyList" resultMap="productSellDailyResultMap">
		SELECT
		psd.product_sell_daily_id,
		psd.create_time,
		psd.total,
		s.shop_id,
		s.shop_name,
		p.product_id,
		p.product_name
		FROM
		tb_product_sell_daily
		psd,
		tb_shop s,
		tb_product p
		<where>
			psd.shop_id = s.shop_id
			and
			psd.product_id
			= p.product_id
			<!-- 按店铺查询 -->
			<if
				test="productSellDailyCondition.shop!=null
				 and productSellDailyCondition.shop.shopId!=null">
				and psd.shop_id = #{productSellDailyCondition.shop.shopId}
			</if>
			<!-- 按商品名模糊查询 -->
			<if
				test="productSellDailyCondition.product!=null 
				and productSellDailyCondition.product.productName!=null">
				and p.product_name like
				'%${productSellDailyCondition.product.productName}%'
			</if>
			<if test="beginTime!=null and endTime!=null">
				and date_format(psd.create_time,'%Y-%m-%d') between
				date_format(#{beginTime},'%Y-%m-%d') and
				date_format(#{endTime},'%Y-%m-%d')
			</if>
			<if test="beginTime!=null and endTime==null">
				and date_format(psd.create_time,'%Y-%m-%d') &gt;=
				date_format(#{beginTime},'%Y-%m-%d')
			</if>
			<if test="beginTime==null and endTime!=null">
				and date_format(psd.create_time,'%Y-%m-%d') &lt;=
				date_format(#{endTime},'%Y-%m-%d')
			</if>
		</where>
		order by psd.product_id, psd.create_time
	</select>
	<insert id="insertProductSellDaily" parameterType="com.kaiming.o2osb.entity.ProductSellDaily">
		INSERT
		INTO
		tb_product_sell_daily(product_id,shop_id,create_time,total)
		(
		SELECT
		product_id,shop_id,date_format(create_time,'%Y-%m-%d'),count(product_id)
		AS total FROM
		tb_user_product_map
		WHERE
		date_format(create_time,'%Y-%m-%d') =
		date_sub(curdate(),interval 1
		day) GROUP BY product_id)
	</insert>
	<insert id="insertDefaultProductSellDaily">
		INSERT
		INTO
		tb_product_sell_daily(product_id,shop_id,create_time,total)
		(
		SELECT
		p.product_id,p.shop_id,date_sub(curdate(),interval 1 day),0 AS
		total
		FROM
		tb_product p
		WHERE
		p.product_id not in (select product_id from
		tb_product_sell_daily where date_format(create_time,'%Y-%m-%d') =
		date_sub(curdate(),interval 1 day))
		)
	</insert>
</mapper>