<?xml version="1.0" encoding="UTF-8"?>
<!DOCTYPE mapper
    PUBLIC "-//mybatis.org//DTD Mapper 3.0//EN"
    "http://mybatis.org/dtd/mybatis-3-mapper.dtd">
<mapper namespace="com.kaiming.o2osb.dao.ProductImgDao">
	<select id="queryProductImgList" resultType="com.kaiming.o2osb.entity.ProductImg">
		SELECT
		product_img_id,
		img_addr,
		img_desc,
		priority,
		create_time,
		product_id
		FROM tb_product_img
		WHERE product_id=#{productId}
		ORDER BY
		product_img_id ASC
	</select>
	<insert id="batchInsertProductImg" parameterType="java.util.List">	
		INSERT INTO
		tb_product_img(img_addr,img_desc,priority,
		create_time,product_id)
		VALUES
		<foreach collection="list" item="productImg" index="index"
			separator=",">
			(
			#{productImg.imgAddr},
			#{productImg.imgDesc},
			#{productImg.priority},
			#{productImg.createTime},
			#{productImg.productId}
			)
		</foreach>
	</insert>

	<delete id="deleteProductImgByProductId">
		<!-- 具体的sql -->
		DELETE FROM
		tb_product_img
		WHERE
		product_id =
		#{productId}
	</delete>

</mapper>